DRB1_0101,HLA-DRB1*01:01
DRB1_0102,HLA-DRB1*01:02
DRB1_0103,HLA-DRB1*01:03
DRB1_0104,HLA-DRB1*01:04
DRB1_0105,HLA-DRB1*01:05
DRB1_0106,HLA-DRB1*01:06
DRB1_0107,HLA-DRB1*01:07
DRB1_0108,HLA-DRB1*01:08
DRB1_0109,HLA-DRB1*01:09
DRB1_0110,HLA-DRB1*01:10
DRB1_0111,HLA-DRB1*01:11
DRB1_0112,HLA-DRB1*01:12
DRB1_0113,HLA-DRB1*01:13
DRB1_0114,HLA-DRB1*01:14
DRB1_0115,HLA-DRB1*01:15
DRB1_0116,HLA-DRB1*01:16
DRB1_0117,HLA-DRB1*01:17
DRB1_0118,HLA-DRB1*01:18
DRB1_0119,HLA-DRB1*01:19
DRB1_0120,HLA-DRB1*01:20
DRB1_0121,HLA-DRB1*01:21
DRB1_0122,HLA-DRB1*01:22
DRB1_0123,HLA-DRB1*01:23
DRB1_0124,HLA-DRB1*01:24
DRB1_0125,HLA-DRB1*01:25
DRB1_0126,HLA-DRB1*01:26
DRB1_0127,HLA-DRB1*01:27
DRB1_0128,HLA-DRB1*01:28
DRB1_0129,HLA-DRB1*01:29
DRB1_0130,HLA-DRB1*01:30
DRB1_0131,HLA-DRB1*01:31
DRB1_0132,HLA-DRB1*01:32
DRB1_0301,HLA-DRB1*03:01
DRB1_0302,HLA-DRB1*03:02
DRB1_0303,HLA-DRB1*03:03
DRB1_0304,HLA-DRB1*03:04
DRB1_0305,HLA-DRB1*03:05
DRB1_0306,HLA-DRB1*03:06
DRB1_0307,HLA-DRB1*03:07
DRB1_0308,HLA-DRB1*03:08
DRB1_0310,HLA-DRB1*03:10
DRB1_0311,HLA-DRB1*03:11
DRB1_0313,HLA-DRB1*03:13
DRB1_0314,HLA-DRB1*03:14
DRB1_0315,HLA-DRB1*03:15
DRB1_0317,HLA-DRB1*03:17
DRB1_0318,HLA-DRB1*03:18
DRB1_0319,HLA-DRB1*03:19
DRB1_0320,HLA-DRB1*03:20
DRB1_0321,HLA-DRB1*03:21
DRB1_0322,HLA-DRB1*03:22
DRB1_0323,HLA-DRB1*03:23
DRB1_0324,HLA-DRB1*03:24
DRB1_0325,HLA-DRB1*03:25
DRB1_0326,HLA-DRB1*03:26
DRB1_0327,HLA-DRB1*03:27
DRB1_0328,HLA-DRB1*03:28
DRB1_0329,HLA-DRB1*03:29
DRB1_0330,HLA-DRB1*03:30
DRB1_0331,HLA-DRB1*03:31
DRB1_0332,HLA-DRB1*03:32
DRB1_0333,HLA-DRB1*03:33
DRB1_0334,HLA-DRB1*03:34
DRB1_0335,HLA-DRB1*03:35
DRB1_0336,HLA-DRB1*03:36
DRB1_0337,HLA-DRB1*03:37
DRB1_0338,HLA-DRB1*03:38
DRB1_0339,HLA-DRB1*03:39
DRB1_0340,HLA-DRB1*03:40
DRB1_0341,HLA-DRB1*03:41
DRB1_0342,HLA-DRB1*03:42
DRB1_0343,HLA-DRB1*03:43
DRB1_0344,HLA-DRB1*03:44
DRB1_0345,HLA-DRB1*03:45
DRB1_0346,HLA-DRB1*03:46
DRB1_0347,HLA-DRB1*03:47
DRB1_0348,HLA-DRB1*03:48
DRB1_0349,HLA-DRB1*03:49
DRB1_0350,HLA-DRB1*03:50
DRB1_0351,HLA-DRB1*03:51
DRB1_0352,HLA-DRB1*03:52
DRB1_0353,HLA-DRB1*03:53
DRB1_0354,HLA-DRB1*03:54
DRB1_0355,HLA-DRB1*03:55
DRB1_0401,HLA-DRB1*04:01
DRB1_0402,HLA-DRB1*04:02
DRB1_0403,HLA-DRB1*04:03
DRB1_0404,HLA-DRB1*04:04
DRB1_0405,HLA-DRB1*04:05
DRB1_0406,HLA-DRB1*04:06
DRB1_0407,HLA-DRB1*04:07
DRB1_0408,HLA-DRB1*04:08
DRB1_0409,HLA-DRB1*04:09
DRB1_0410,HLA-DRB1*04:10
DRB1_0411,HLA-DRB1*04:11
DRB1_0412,HLA-DRB1*04:12
DRB1_0413,HLA-DRB1*04:13
DRB1_0414,HLA-DRB1*04:14
DRB1_0415,HLA-DRB1*04:15
DRB1_0416,HLA-DRB1*04:16
DRB1_0417,HLA-DRB1*04:17
DRB1_0418,HLA-DRB1*04:18
DRB1_0419,HLA-DRB1*04:19
DRB1_0421,HLA-DRB1*04:21
DRB1_0422,HLA-DRB1*04:22
DRB1_0423,HLA-DRB1*04:23
DRB1_0424,HLA-DRB1*04:24
DRB1_0426,HLA-DRB1*04:26
DRB1_0427,HLA-DRB1*04:27
DRB1_0428,HLA-DRB1*04:28
DRB1_0429,HLA-DRB1*04:29
DRB1_0430,HLA-DRB1*04:30
DRB1_0431,HLA-DRB1*04:31
DRB1_0433,HLA-DRB1*04:33
DRB1_0434,HLA-DRB1*04:34
DRB1_0435,HLA-DRB1*04:35
DRB1_0436,HLA-DRB1*04:36
DRB1_0437,HLA-DRB1*04:37
DRB1_0438,HLA-DRB1*04:38
DRB1_0439,HLA-DRB1*04:39
DRB1_0440,HLA-DRB1*04:40
DRB1_0441,HLA-DRB1*04:41
DRB1_0442,HLA-DRB1*04:42
DRB1_0443,HLA-DRB1*04:43
DRB1_0444,HLA-DRB1*04:44
DRB1_0445,HLA-DRB1*04:45
DRB1_0446,HLA-DRB1*04:46
DRB1_0447,HLA-DRB1*04:47
DRB1_0448,HLA-DRB1*04:48
DRB1_0449,HLA-DRB1*04:49
DRB1_0450,HLA-DRB1*04:50
DRB1_0451,HLA-DRB1*04:51
DRB1_0452,HLA-DRB1*04:52
DRB1_0453,HLA-DRB1*04:53
DRB1_0454,HLA-DRB1*04:54
DRB1_0455,HLA-DRB1*04:55
DRB1_0456,HLA-DRB1*04:56
DRB1_0457,HLA-DRB1*04:57
DRB1_0458,HLA-DRB1*04:58
DRB1_0459,HLA-DRB1*04:59
DRB1_0460,HLA-DRB1*04:60
DRB1_0461,HLA-DRB1*04:61
DRB1_0462,HLA-DRB1*04:62
DRB1_0463,HLA-DRB1*04:63
DRB1_0464,HLA-DRB1*04:64
DRB1_0465,HLA-DRB1*04:65
DRB1_0466,HLA-DRB1*04:66
DRB1_0467,HLA-DRB1*04:67
DRB1_0468,HLA-DRB1*04:68
DRB1_0469,HLA-DRB1*04:69
DRB1_0470,HLA-DRB1*04:70
DRB1_0471,HLA-DRB1*04:71
DRB1_0472,HLA-DRB1*04:72
DRB1_0473,HLA-DRB1*04:73
DRB1_0474,HLA-DRB1*04:74
DRB1_0475,HLA-DRB1*04:75
DRB1_0476,HLA-DRB1*04:76
DRB1_0477,HLA-DRB1*04:77
DRB1_0478,HLA-DRB1*04:78
DRB1_0479,HLA-DRB1*04:79
DRB1_0480,HLA-DRB1*04:80
DRB1_0482,HLA-DRB1*04:82
DRB1_0483,HLA-DRB1*04:83
DRB1_0484,HLA-DRB1*04:84
DRB1_0485,HLA-DRB1*04:85
DRB1_0486,HLA-DRB1*04:86
DRB1_0487,HLA-DRB1*04:87
DRB1_0488,HLA-DRB1*04:88
DRB1_0489,HLA-DRB1*04:89
DRB1_0491,HLA-DRB1*04:91
DRB1_0701,HLA-DRB1*07:01
DRB1_0703,HLA-DRB1*07:03
DRB1_0704,HLA-DRB1*07:04
DRB1_0705,HLA-DRB1*07:05
DRB1_0706,HLA-DRB1*07:06
DRB1_0707,HLA-DRB1*07:07
DRB1_0708,HLA-DRB1*07:08
DRB1_0709,HLA-DRB1*07:09
DRB1_0711,HLA-DRB1*07:11
DRB1_0712,HLA-DRB1*07:12
DRB1_0713,HLA-DRB1*07:13
DRB1_0714,HLA-DRB1*07:14
DRB1_0715,HLA-DRB1*07:15
DRB1_0716,HLA-DRB1*07:16
DRB1_0717,HLA-DRB1*07:17
DRB1_0719,HLA-DRB1*07:19
DRB1_0801,HLA-DRB1*08:01
DRB1_0802,HLA-DRB1*08:02
DRB1_0803,HLA-DRB1*08:03
DRB1_0804,HLA-DRB1*08:04
DRB1_0805,HLA-DRB1*08:05
DRB1_0806,HLA-DRB1*08:06
DRB1_0807,HLA-DRB1*08:07
DRB1_0808,HLA-DRB1*08:08
DRB1_0809,HLA-DRB1*08:09
DRB1_0810,HLA-DRB1*08:10
DRB1_0811,HLA-DRB1*08:11
DRB1_0812,HLA-DRB1*08:12
DRB1_0813,HLA-DRB1*08:13
DRB1_0814,HLA-DRB1*08:14
DRB1_0815,HLA-DRB1*08:15
DRB1_0816,HLA-DRB1*08:16
DRB1_0818,HLA-DRB1*08:18
DRB1_0819,HLA-DRB1*08:19
DRB1_0820,HLA-DRB1*08:20
DRB1_0821,HLA-DRB1*08:21
DRB1_0822,HLA-DRB1*08:22
DRB1_0823,HLA-DRB1*08:23
DRB1_0824,HLA-DRB1*08:24
DRB1_0825,HLA-DRB1*08:25
DRB1_0826,HLA-DRB1*08:26
DRB1_0827,HLA-DRB1*08:27
DRB1_0828,HLA-DRB1*08:28
DRB1_0829,HLA-DRB1*08:29
DRB1_0830,HLA-DRB1*08:30
DRB1_0831,HLA-DRB1*08:31
DRB1_0832,HLA-DRB1*08:32
DRB1_0833,HLA-DRB1*08:33
DRB1_0834,HLA-DRB1*08:34
DRB1_0835,HLA-DRB1*08:35
DRB1_0836,HLA-DRB1*08:36
DRB1_0837,HLA-DRB1*08:37
DRB1_0838,HLA-DRB1*08:38
DRB1_0839,HLA-DRB1*08:39
DRB1_0840,HLA-DRB1*08:40
DRB1_0901,HLA-DRB1*09:01
DRB1_0902,HLA-DRB1*09:02
DRB1_0903,HLA-DRB1*09:03
DRB1_0904,HLA-DRB1*09:04
DRB1_0905,HLA-DRB1*09:05
DRB1_0906,HLA-DRB1*09:06
DRB1_0907,HLA-DRB1*09:07
DRB1_0908,HLA-DRB1*09:08
DRB1_0909,HLA-DRB1*09:09
DRB1_1001,HLA-DRB1*10:01
DRB1_1002,HLA-DRB1*10:02
DRB1_1003,HLA-DRB1*10:03
DRB1_1101,HLA-DRB1*11:01
DRB1_1102,HLA-DRB1*11:02
DRB1_1103,HLA-DRB1*11:03
DRB1_1104,HLA-DRB1*11:04
DRB1_1105,HLA-DRB1*11:05
DRB1_1106,HLA-DRB1*11:06
DRB1_1107,HLA-DRB1*11:07
DRB1_1108,HLA-DRB1*11:08
DRB1_1109,HLA-DRB1*11:09
DRB1_1110,HLA-DRB1*11:10
DRB1_1111,HLA-DRB1*11:11
DRB1_1112,HLA-DRB1*11:12
DRB1_1113,HLA-DRB1*11:13
DRB1_1114,HLA-DRB1*11:14
DRB1_1115,HLA-DRB1*11:15
DRB1_1116,HLA-DRB1*11:16
DRB1_1117,HLA-DRB1*11:17
DRB1_1118,HLA-DRB1*11:18
DRB1_1119,HLA-DRB1*11:19
DRB1_1120,HLA-DRB1*11:20
DRB1_1121,HLA-DRB1*11:21
DRB1_1124,HLA-DRB1*11:24
DRB1_1125,HLA-DRB1*11:25
DRB1_1127,HLA-DRB1*11:27
DRB1_1128,HLA-DRB1*11:28
DRB1_1129,HLA-DRB1*11:29
DRB1_1130,HLA-DRB1*11:30
DRB1_1131,HLA-DRB1*11:31
DRB1_1132,HLA-DRB1*11:32
DRB1_1133,HLA-DRB1*11:33
DRB1_1134,HLA-DRB1*11:34
DRB1_1135,HLA-DRB1*11:35
DRB1_1136,HLA-DRB1*11:36
DRB1_1137,HLA-DRB1*11:37
DRB1_1138,HLA-DRB1*11:38
DRB1_1139,HLA-DRB1*11:39
DRB1_1141,HLA-DRB1*11:41
DRB1_1142,HLA-DRB1*11:42
DRB1_1143,HLA-DRB1*11:43
DRB1_1144,HLA-DRB1*11:44
DRB1_1145,HLA-DRB1*11:45
DRB1_1146,HLA-DRB1*11:46
DRB1_1147,HLA-DRB1*11:47
DRB1_1148,HLA-DRB1*11:48
DRB1_1149,HLA-DRB1*11:49
DRB1_1150,HLA-DRB1*11:50
DRB1_1151,HLA-DRB1*11:51
DRB1_1152,HLA-DRB1*11:52
DRB1_1153,HLA-DRB1*11:53
DRB1_1154,HLA-DRB1*11:54
DRB1_1155,HLA-DRB1*11:55
DRB1_1156,HLA-DRB1*11:56
DRB1_1157,HLA-DRB1*11:57
DRB1_1158,HLA-DRB1*11:58
DRB1_1159,HLA-DRB1*11:59
DRB1_1160,HLA-DRB1*11:60
DRB1_1161,HLA-DRB1*11:61
DRB1_1162,HLA-DRB1*11:62
DRB1_1163,HLA-DRB1*11:63
DRB1_1164,HLA-DRB1*11:64
DRB1_1165,HLA-DRB1*11:65
DRB1_1166,HLA-DRB1*11:66
DRB1_1167,HLA-DRB1*11:67
DRB1_1168,HLA-DRB1*11:68
DRB1_1169,HLA-DRB1*11:69
DRB1_1170,HLA-DRB1*11:70
DRB1_1172,HLA-DRB1*11:72
DRB1_1173,HLA-DRB1*11:73
DRB1_1174,HLA-DRB1*11:74
DRB1_1175,HLA-DRB1*11:75
DRB1_1176,HLA-DRB1*11:76
DRB1_1177,HLA-DRB1*11:77
DRB1_1178,HLA-DRB1*11:78
DRB1_1179,HLA-DRB1*11:79
DRB1_1180,HLA-DRB1*11:80
DRB1_1181,HLA-DRB1*11:81
DRB1_1182,HLA-DRB1*11:82
DRB1_1183,HLA-DRB1*11:83
DRB1_1184,HLA-DRB1*11:84
DRB1_1185,HLA-DRB1*11:85
DRB1_1186,HLA-DRB1*11:86
DRB1_1187,HLA-DRB1*11:87
DRB1_1188,HLA-DRB1*11:88
DRB1_1189,HLA-DRB1*11:89
DRB1_1190,HLA-DRB1*11:90
DRB1_1191,HLA-DRB1*11:91
DRB1_1192,HLA-DRB1*11:92
DRB1_1193,HLA-DRB1*11:93
DRB1_1194,HLA-DRB1*11:94
DRB1_1195,HLA-DRB1*11:95
DRB1_1196,HLA-DRB1*11:96
DRB1_1201,HLA-DRB1*12:01
DRB1_1202,HLA-DRB1*12:02
DRB1_1203,HLA-DRB1*12:03
DRB1_1204,HLA-DRB1*12:04
DRB1_1205,HLA-DRB1*12:05
DRB1_1206,HLA-DRB1*12:06
DRB1_1207,HLA-DRB1*12:07
DRB1_1208,HLA-DRB1*12:08
DRB1_1209,HLA-DRB1*12:09
DRB1_1210,HLA-DRB1*12:10
DRB1_1211,HLA-DRB1*12:11
DRB1_1212,HLA-DRB1*12:12
DRB1_1213,HLA-DRB1*12:13
DRB1_1214,HLA-DRB1*12:14
DRB1_1215,HLA-DRB1*12:15
DRB1_1216,HLA-DRB1*12:16
DRB1_1217,HLA-DRB1*12:17
DRB1_1218,HLA-DRB1*12:18
DRB1_1219,HLA-DRB1*12:19
DRB1_1220,HLA-DRB1*12:20
DRB1_1221,HLA-DRB1*12:21
DRB1_1222,HLA-DRB1*12:22
DRB1_1223,HLA-DRB1*12:23
DRB1_1301,HLA-DRB1*13:01
DRB1_1302,HLA-DRB1*13:02
DRB1_1303,HLA-DRB1*13:03
DRB1_1304,HLA-DRB1*13:04
DRB1_1305,HLA-DRB1*13:05
DRB1_1306,HLA-DRB1*13:06
DRB1_1307,HLA-DRB1*13:07
DRB1_1308,HLA-DRB1*13:08
DRB1_1309,HLA-DRB1*13:09
DRB1_1310,HLA-DRB1*13:10
DRB1_13100,HLA-DRB1*13:100
DRB1_13101,HLA-DRB1*13:101
DRB1_1311,HLA-DRB1*13:11
DRB1_1312,HLA-DRB1*13:12
DRB1_1313,HLA-DRB1*13:13
DRB1_1314,HLA-DRB1*13:14
DRB1_1315,HLA-DRB1*13:15
DRB1_1316,HLA-DRB1*13:16
DRB1_1317,HLA-DRB1*13:17
DRB1_1318,HLA-DRB1*13:18
DRB1_1319,HLA-DRB1*13:19
DRB1_1320,HLA-DRB1*13:20
DRB1_1321,HLA-DRB1*13:21
DRB1_1322,HLA-DRB1*13:22
DRB1_1323,HLA-DRB1*13:23
DRB1_1324,HLA-DRB1*13:24
DRB1_1326,HLA-DRB1*13:26
DRB1_1327,HLA-DRB1*13:27
DRB1_1329,HLA-DRB1*13:29
DRB1_1330,HLA-DRB1*13:30
DRB1_1331,HLA-DRB1*13:31
DRB1_1332,HLA-DRB1*13:32
DRB1_1333,HLA-DRB1*13:33
DRB1_1334,HLA-DRB1*13:34
DRB1_1335,HLA-DRB1*13:35
DRB1_1336,HLA-DRB1*13:36
DRB1_1337,HLA-DRB1*13:37
DRB1_1338,HLA-DRB1*13:38
DRB1_1339,HLA-DRB1*13:39
DRB1_1341,HLA-DRB1*13:41
DRB1_1342,HLA-DRB1*13:42
DRB1_1343,HLA-DRB1*13:43
DRB1_1344,HLA-DRB1*13:44
DRB1_1346,HLA-DRB1*13:46
DRB1_1347,HLA-DRB1*13:47
DRB1_1348,HLA-DRB1*13:48
DRB1_1349,HLA-DRB1*13:49
DRB1_1350,HLA-DRB1*13:50
DRB1_1351,HLA-DRB1*13:51
DRB1_1352,HLA-DRB1*13:52
DRB1_1353,HLA-DRB1*13:53
DRB1_1354,HLA-DRB1*13:54
DRB1_1355,HLA-DRB1*13:55
DRB1_1356,HLA-DRB1*13:56
DRB1_1357,HLA-DRB1*13:57
DRB1_1358,HLA-DRB1*13:58
DRB1_1359,HLA-DRB1*13:59
DRB1_1360,HLA-DRB1*13:60
DRB1_1361,HLA-DRB1*13:61
DRB1_1362,HLA-DRB1*13:62
DRB1_1363,HLA-DRB1*13:63
DRB1_1364,HLA-DRB1*13:64
DRB1_1365,HLA-DRB1*13:65
DRB1_1366,HLA-DRB1*13:66
DRB1_1367,HLA-DRB1*13:67
DRB1_1368,HLA-DRB1*13:68
DRB1_1369,HLA-DRB1*13:69
DRB1_1370,HLA-DRB1*13:70
DRB1_1371,HLA-DRB1*13:71
DRB1_1372,HLA-DRB1*13:72
DRB1_1373,HLA-DRB1*13:73
DRB1_1374,HLA-DRB1*13:74
DRB1_1375,HLA-DRB1*13:75
DRB1_1376,HLA-DRB1*13:76
DRB1_1377,HLA-DRB1*13:77
DRB1_1378,HLA-DRB1*13:78
DRB1_1379,HLA-DRB1*13:79
DRB1_1380,HLA-DRB1*13:80
DRB1_1381,HLA-DRB1*13:81
DRB1_1382,HLA-DRB1*13:82
DRB1_1383,HLA-DRB1*13:83
DRB1_1384,HLA-DRB1*13:84
DRB1_1385,HLA-DRB1*13:85
DRB1_1386,HLA-DRB1*13:86
DRB1_1387,HLA-DRB1*13:87
DRB1_1388,HLA-DRB1*13:88
DRB1_1389,HLA-DRB1*13:89
DRB1_1390,HLA-DRB1*13:90
DRB1_1391,HLA-DRB1*13:91
DRB1_1392,HLA-DRB1*13:92
DRB1_1393,HLA-DRB1*13:93
DRB1_1394,HLA-DRB1*13:94
DRB1_1395,HLA-DRB1*13:95
DRB1_1396,HLA-DRB1*13:96
DRB1_1397,HLA-DRB1*13:97
DRB1_1398,HLA-DRB1*13:98
DRB1_1399,HLA-DRB1*13:99
DRB1_1401,HLA-DRB1*14:01
DRB1_1402,HLA-DRB1*14:02
DRB1_1403,HLA-DRB1*14:03
DRB1_1404,HLA-DRB1*14:04
DRB1_1405,HLA-DRB1*14:05
DRB1_1406,HLA-DRB1*14:06
DRB1_1407,HLA-DRB1*14:07
DRB1_1408,HLA-DRB1*14:08
DRB1_1409,HLA-DRB1*14:09
DRB1_1410,HLA-DRB1*14:10
DRB1_1411,HLA-DRB1*14:11
DRB1_1412,HLA-DRB1*14:12
DRB1_1413,HLA-DRB1*14:13
DRB1_1414,HLA-DRB1*14:14
DRB1_1415,HLA-DRB1*14:15
DRB1_1416,HLA-DRB1*14:16
DRB1_1417,HLA-DRB1*14:17
DRB1_1418,HLA-DRB1*14:18
DRB1_1419,HLA-DRB1*14:19
DRB1_1420,HLA-DRB1*14:20
DRB1_1421,HLA-DRB1*14:21
DRB1_1422,HLA-DRB1*14:22
DRB1_1423,HLA-DRB1*14:23
DRB1_1424,HLA-DRB1*14:24
DRB1_1425,HLA-DRB1*14:25
DRB1_1426,HLA-DRB1*14:26
DRB1_1427,HLA-DRB1*14:27
DRB1_1428,HLA-DRB1*14:28
DRB1_1429,HLA-DRB1*14:29
DRB1_1430,HLA-DRB1*14:30
DRB1_1431,HLA-DRB1*14:31
DRB1_1432,HLA-DRB1*14:32
DRB1_1433,HLA-DRB1*14:33
DRB1_1434,HLA-DRB1*14:34
DRB1_1435,HLA-DRB1*14:35
DRB1_1436,HLA-DRB1*14:36
DRB1_1437,HLA-DRB1*14:37
DRB1_1438,HLA-DRB1*14:38
DRB1_1439,HLA-DRB1*14:39
DRB1_1440,HLA-DRB1*14:40
DRB1_1441,HLA-DRB1*14:41
DRB1_1442,HLA-DRB1*14:42
DRB1_1443,HLA-DRB1*14:43
DRB1_1444,HLA-DRB1*14:44
DRB1_1445,HLA-DRB1*14:45
DRB1_1446,HLA-DRB1*14:46
DRB1_1447,HLA-DRB1*14:47
DRB1_1448,HLA-DRB1*14:48
DRB1_1449,HLA-DRB1*14:49
DRB1_1450,HLA-DRB1*14:50
DRB1_1451,HLA-DRB1*14:51
DRB1_1452,HLA-DRB1*14:52
DRB1_1453,HLA-DRB1*14:53
DRB1_1454,HLA-DRB1*14:54
DRB1_1455,HLA-DRB1*14:55
DRB1_1456,HLA-DRB1*14:56
DRB1_1457,HLA-DRB1*14:57
DRB1_1458,HLA-DRB1*14:58
DRB1_1459,HLA-DRB1*14:59
DRB1_1460,HLA-DRB1*14:60
DRB1_1461,HLA-DRB1*14:61
DRB1_1462,HLA-DRB1*14:62
DRB1_1463,HLA-DRB1*14:63
DRB1_1464,HLA-DRB1*14:64
DRB1_1465,HLA-DRB1*14:65
DRB1_1467,HLA-DRB1*14:67
DRB1_1468,HLA-DRB1*14:68
DRB1_1469,HLA-DRB1*14:69
DRB1_1470,HLA-DRB1*14:70
DRB1_1471,HLA-DRB1*14:71
DRB1_1472,HLA-DRB1*14:72
DRB1_1473,HLA-DRB1*14:73
DRB1_1474,HLA-DRB1*14:74
DRB1_1475,HLA-DRB1*14:75
DRB1_1476,HLA-DRB1*14:76
DRB1_1477,HLA-DRB1*14:77
DRB1_1478,HLA-DRB1*14:78
DRB1_1479,HLA-DRB1*14:79
DRB1_1480,HLA-DRB1*14:80
DRB1_1481,HLA-DRB1*14:81
DRB1_1482,HLA-DRB1*14:82
DRB1_1483,HLA-DRB1*14:83
DRB1_1484,HLA-DRB1*14:84
DRB1_1485,HLA-DRB1*14:85
DRB1_1486,HLA-DRB1*14:86
DRB1_1487,HLA-DRB1*14:87
DRB1_1488,HLA-DRB1*14:88
DRB1_1489,HLA-DRB1*14:89
DRB1_1490,HLA-DRB1*14:90
DRB1_1491,HLA-DRB1*14:91
DRB1_1493,HLA-DRB1*14:93
DRB1_1494,HLA-DRB1*14:94
DRB1_1495,HLA-DRB1*14:95
DRB1_1496,HLA-DRB1*14:96
DRB1_1497,HLA-DRB1*14:97
DRB1_1498,HLA-DRB1*14:98
DRB1_1499,HLA-DRB1*14:99
DRB1_1501,HLA-DRB1*15:01
DRB1_1502,HLA-DRB1*15:02
DRB1_1503,HLA-DRB1*15:03
DRB1_1504,HLA-DRB1*15:04
DRB1_1505,HLA-DRB1*15:05
DRB1_1506,HLA-DRB1*15:06
DRB1_1507,HLA-DRB1*15:07
DRB1_1508,HLA-DRB1*15:08
DRB1_1509,HLA-DRB1*15:09
DRB1_1510,HLA-DRB1*15:10
DRB1_1511,HLA-DRB1*15:11
DRB1_1512,HLA-DRB1*15:12
DRB1_1513,HLA-DRB1*15:13
DRB1_1514,HLA-DRB1*15:14
DRB1_1515,HLA-DRB1*15:15
DRB1_1516,HLA-DRB1*15:16
DRB1_1518,HLA-DRB1*15:18
DRB1_1519,HLA-DRB1*15:19
DRB1_1520,HLA-DRB1*15:20
DRB1_1521,HLA-DRB1*15:21
DRB1_1522,HLA-DRB1*15:22
DRB1_1523,HLA-DRB1*15:23
DRB1_1524,HLA-DRB1*15:24
DRB1_1525,HLA-DRB1*15:25
DRB1_1526,HLA-DRB1*15:26
DRB1_1527,HLA-DRB1*15:27
DRB1_1528,HLA-DRB1*15:28
DRB1_1529,HLA-DRB1*15:29
DRB1_1530,HLA-DRB1*15:30
DRB1_1531,HLA-DRB1*15:31
DRB1_1532,HLA-DRB1*15:32
DRB1_1533,HLA-DRB1*15:33
DRB1_1534,HLA-DRB1*15:34
DRB1_1535,HLA-DRB1*15:35
DRB1_1536,HLA-DRB1*15:36
DRB1_1537,HLA-DRB1*15:37
DRB1_1538,HLA-DRB1*15:38
DRB1_1539,HLA-DRB1*15:39
DRB1_1540,HLA-DRB1*15:40
DRB1_1541,HLA-DRB1*15:41
DRB1_1542,HLA-DRB1*15:42
DRB1_1543,HLA-DRB1*15:43
DRB1_1544,HLA-DRB1*15:44
DRB1_1545,HLA-DRB1*15:45
DRB1_1546,HLA-DRB1*15:46
DRB1_1547,HLA-DRB1*15:47
DRB1_1548,HLA-DRB1*15:48
DRB1_1549,HLA-DRB1*15:49
DRB1_1601,HLA-DRB1*16:01
DRB1_1602,HLA-DRB1*16:02
DRB1_1603,HLA-DRB1*16:03
DRB1_1604,HLA-DRB1*16:04
DRB1_1605,HLA-DRB1*16:05
DRB1_1607,HLA-DRB1*16:07
DRB1_1608,HLA-DRB1*16:08
DRB1_1609,HLA-DRB1*16:09
DRB1_1610,HLA-DRB1*16:10
DRB1_1611,HLA-DRB1*16:11
DRB1_1612,HLA-DRB1*16:12
DRB1_1614,HLA-DRB1*16:14
DRB1_1615,HLA-DRB1*16:15
DRB1_1616,HLA-DRB1*16:16
DRB3_0101,HLA-DRB3*01:01
DRB3_0104,HLA-DRB3*01:04
DRB3_0105,HLA-DRB3*01:05
DRB3_0108,HLA-DRB3*01:08
DRB3_0109,HLA-DRB3*01:09
DRB3_0111,HLA-DRB3*01:11
DRB3_0112,HLA-DRB3*01:12
DRB3_0113,HLA-DRB3*01:13
DRB3_0114,HLA-DRB3*01:14
DRB3_0201,HLA-DRB3*02:01
DRB3_0202,HLA-DRB3*02:02
DRB3_0204,HLA-DRB3*02:04
DRB3_0205,HLA-DRB3*02:05
DRB3_0209,HLA-DRB3*02:09
DRB3_0210,HLA-DRB3*02:10
DRB3_0211,HLA-DRB3*02:11
DRB3_0212,HLA-DRB3*02:12
DRB3_0213,HLA-DRB3*02:13
DRB3_0214,HLA-DRB3*02:14
DRB3_0215,HLA-DRB3*02:15
DRB3_0216,HLA-DRB3*02:16
DRB3_0217,HLA-DRB3*02:17
DRB3_0218,HLA-DRB3*02:18
DRB3_0219,HLA-DRB3*02:19
DRB3_0220,HLA-DRB3*02:20
DRB3_0221,HLA-DRB3*02:21
DRB3_0222,HLA-DRB3*02:22
DRB3_0223,HLA-DRB3*02:23
DRB3_0224,HLA-DRB3*02:24
DRB3_0225,HLA-DRB3*02:25
DRB3_0301,HLA-DRB3*03:01
DRB3_0303,HLA-DRB3*03:03
DRB4_0101,HLA-DRB4*01:01
DRB4_0103,HLA-DRB4*01:03
DRB4_0104,HLA-DRB4*01:04
DRB4_0106,HLA-DRB4*01:06
DRB4_0107,HLA-DRB4*01:07
DRB4_0108,HLA-DRB4*01:08
DRB5_0101,HLA-DRB5*01:01
DRB5_0102,HLA-DRB5*01:02
DRB5_0103,HLA-DRB5*01:03
DRB5_0104,HLA-DRB5*01:04
DRB5_0105,HLA-DRB5*01:05
DRB5_0106,HLA-DRB5*01:06
DRB5_0108N,HLA-DRB5*01:08N
DRB5_0111,HLA-DRB5*01:11
DRB5_0112,HLA-DRB5*01:12
DRB5_0113,HLA-DRB5*01:13
DRB5_0114,HLA-DRB5*01:14
DRB5_0202,HLA-DRB5*02:02
DRB5_0203,HLA-DRB5*02:03
DRB5_0204,HLA-DRB5*02:04
DRB5_0205,HLA-DRB5*02:05
