"","Sequences","Prediction_Score","Antigen","ML.Score_tox","MERCI.Score_tox","BLAST.Score_tox","Hybrid.Score_tox","Prediction_tox","ML.Score_alg","MERCI.Score_alg","BLAST.Score_alg","Hybrid.Score_alg","Prediction_alg","Molecular weight","Instability index","Instability","Aliphatic index","GRAVY score"
"1","NQNQNQNQNQNKKFKHVKSDIKIEKLNKKNNYTSQQVSNKKNDAWRDAAYNEKQKYQFLAAYTEIKSAMDSGPGPGKKQINNYTSQQVSNKGPGPGKSDIKIEKLNVTLND","0.9402","true","0.306","0","0","0.306","Non-Toxin","0.154","0","0","0.154","Non-Allergen","12645.04","25.02","Stable","50.99","-1.499"
"2","NQNQNQNQNQNKKFKHVKSDIKIEKLNKKNNYTSQQVSNKKNDAWRDAAYNEKQKYQFLAAYTEIKSAMDSGPGPGKKQINNYTSQQVSNKGPGPGSDIKIEKLNVTLNDA","0.9768","true","0.316","0","0","0.316","Non-Toxin","0.171","0","0","0.171","Non-Allergen","12587.94","25.78","Stable","51.89","-1.448"
"3","NQNQNQNQNQNKKFKHVKSDIKIEKLNKKNNYTSQQVSNKKNDAWRDAAYNEKQKYQFLAAYTEIKSAMDSGPGPGKKQINNYTSQQVSNKGPGPGKQINNYTSQQVSNKK","0.9063","true","0.28","0","0","0.28","Non-Toxin","0.149","0","0","0.149","Non-Allergen","12695.02","30.41","Stable","40.45","-1.659"
"4","NQNQNQNQNQNKKFKHVKSDIKIEKLNKKNNYTSQQVSNKKNDAWRDAAYNEKQKYQFLAAYTEIKSAMDSGPGPGKSDIKIEKLNVTLNDGPGPGKKQINNYTSQQVSNK","0.9625","true","0.306","0","0","0.306","Non-Toxin","0.154","0","0","0.154","Non-Allergen","12645.04","25.78","Stable","50.99","-1.499"
"5","NQNQNQNQNQNKKFKHVKSDIKIEKLNKKNNYTSQQVSNKKNDAWRDAAYNEKQKYQFLAAYTEIKSAMDSGPGPGKSDIKIEKLNVTLNDGPGPGSDIKIEKLNVTLNDA","1.0772","true","0.298","0","0","0.298","Non-Toxin","0.146","0","0","0.146","Non-Allergen","12537.96","21.15","Stable","62.43","-1.288"
"6","NQNQNQNQNQNKKFKHVKSDIKIEKLNKKNNYTSQQVSNKKNDAWRDAAYNEKQKYQFLAAYTEIKSAMDSGPGPGKSDIKIEKLNVTLNDGPGPGKQINNYTSQQVSNKK","1.0067","true","0.306","0","0","0.306","Non-Toxin","0.154","0","0","0.154","Non-Allergen","12645.04","25.78","Stable","50.99","-1.499"
"7","NQNQNQNQNQNKKFKHVKSDIKIEKLNKKNNYTSQQVSNKKNDAWRDAAYNEKQKYQFLAAYTEIKSAMDSGPGPGSDIKIEKLNVTLNDAGPGPGKKQINNYTSQQVSNK","0.9934","true","0.316","0","0","0.316","Non-Toxin","0.171","0","0","0.171","Non-Allergen","12587.94","26.55","Stable","51.89","-1.448"
"8","NQNQNQNQNQNKKFKHVKSDIKIEKLNKKNNYTSQQVSNKKNDAWRDAAYNEKQKYQFLAAYTEIKSAMDSGPGPGSDIKIEKLNVTLNDAGPGPGKSDIKIEKLNVTLND","1.0715","true","0.298","0","0","0.298","Non-Toxin","0.146","0","0","0.146","Non-Allergen","12537.96","21.15","Stable","62.43","-1.288"
"9","NQNQNQNQNQNKKFKHVKSDIKIEKLNKKNNYTSQQVSNKKNDAWRDAAYNEKQKYQFLAAYTEIKSAMDSGPGPGSDIKIEKLNVTLNDAGPGPGKQINNYTSQQVSNKK","1.0375","true","0.316","0","0","0.316","Non-Toxin","0.171","0","0","0.171","Non-Allergen","12587.94","26.55","Stable","51.89","-1.448"
"10","NQNQNQNQNQNKKFKHVKSDIKIEKLNKKNNYTSQQVSNKKNDAWRDAAYNEKQKYQFLAAYTEIKSAMDSGPGPGKQINNYTSQQVSNKKGPGPGKKQINNYTSQQVSNK","0.9285","true","0.28","0","0","0.28","Non-Toxin","0.149","0","0","0.149","Non-Allergen","12695.02","30.41","Stable","40.45","-1.659"